{
    "data": [{
            "_id": 1,
            "name": "Getting Over",
            "album": "One Love",
            "cover": "https://jenesaispop.com/wp-content/uploads/2009/09/guetta_onelove.jpg",
            "artist": {
                "name": "David Guetta",
                "nickname": "David Guetta",
                "nationality": "FR"
            },
            "duration": {
                "start": 0,
                "end": 333
            },
            "url": "http://localhost:3000/track.mp3"
        },
        {
            "_id": 2,
            "name": "Snow Tha Product || BZRP Music Sessions #39",
            "album": "BZRP Music Sessions",
            "cover": "https://is5-ssl.mzstatic.com/image/thumb/Features125/v4/9c/b9/d0/9cb9d017-fcf6-28c6-81d0-e9ac5b0f359e/pr_source.png/800x800cc.jpg",
            "artist": {
                "name": "Snow",
                "nickname": "Snow",
                "nationality": "US"
            },
            "duration": {
                "start": 0,
                "end": 333
            },
            "url": "http://localhost:3000/track-1.mp3"
        },
        {
            "_id": 3,
            "name": "Calypso (Original Mix)",
            "album": "Round Table Knights",
            "cover": "https://cdns-images.dzcdn.net/images/cover/1db3f8f185e68f26feaf0b9d72ff1645/350x350.jpg",
            "artist": {
                "name": "Round Table Knights",
                "nickname": "Round Table Knights",
                "nationality": "US"
            },
            "duration": {
                "start": 0,
                "end": 333
            },
            "url": "http://localhost:3000/track-2.mp3"
        },
        {
            "_id": 4,
            "name": "Bad Habits",
            "album": "Ed Sheeran",
            "cover": "https://www.lahiguera.net/musicalia/artistas/ed_sheeran/disco/11372/tema/25301/ed_sheeran_bad_habits-portada.jpg",
            "artist": {
                "name": "Ed Sheeran",
                "nickname": "Ed Sheeran",
                "nationality": "UK"
            },
            "duration": {
                "start": 0,
                "end": 333
            },
            "url": "http://localhost:3000/track-4.mp3"
        },
        {
            "_id": 5,
            "name": "BEBE (Official Video)",
            "album": "Giolì & Assia",
            "cover": "https://i.scdn.co/image/ab67616d0000b27345ca41b0d2352242c7c9d4bc",
            "artist": {
                "name": "Giolì & Assia",
                "nickname": "Giolì & Assia",
                "nationality": "IT"
            },
            "duration": {
                "start": 0,
                "end": 333
            },
            "url": "http://localhost:3000/track-3.mp3"
        },
        {
            "_id": 6,
            "name": "T.N.T. (Live At River Plate, December 2009)",
            "album": "AC/DC",
            "cover": "https://cdns-images.dzcdn.net/images/cover/ba5eaf2f3a49768164d0728b7ba64372/500x500.jpg",
            "artist": {
                "name": "AC/DC",
                "nickname": "AC/DC",
                "nationality": "US"
            },
            "duration": {
                "start": 0,
                "end": 333
            },
            "url": "http://localhost:3000/track-5.mp3"
        },
        {
            "_id": 7,
            "name": "50 Cent - Candy Shop (feat. Olivia)",
            "album": "50 Cent",
            "cover": "https://i.scdn.co/image/ab67616d0000b27391f7222996c531b981e7bb3d",
            "artist": {
                "name": "50 Cent",
                "nickname": "50 Cent",
                "nationality": "US"
            },
            "duration": {
                "start": 0,
                "end": 333
            },
            "url": "http://localhost:3000/track-6.mp3"
        },
        {
            "_id": 8,
            "name": "Bésame💋",
            "album": "Valentino Ft MTZ Manuel Turizo (Video Oficial)",
            "cover": "https://i1.sndcdn.com/artworks-000247627460-1hqnjr-t500x500.jpg",
            "artist": {
                "name": "Valentino",
                "nickname": "Valentino",
                "nationality": "CO"
            },
            "duration": {
                "start": 0,
                "end": 333
            },
            "url": "http://localhost:3000/track-7.mp3"
        }
    ]
}